INDICATOR_VALUE,TYPE,ROLE,
103.15.232.168,IPv4,IP Watchlist,
105.184.19.161,IPv4,IP Watchlist,
105.184.229.17,IPv4,IP Watchlist,
105.184.229.80,IPv4,IP Watchlist,
105.184.231.17,IPv4,IP Watchlist,
105.184.255.194,IPv4,IP Watchlist,
105.225.112.221,IPv4,IP Watchlist,
109.160.91.135,IPv4,IP Watchlist,
109.162.196.130,IPv4,IP Watchlist,
109.166.233.132,IPv4,IP Watchlist,
109.201.8.60,IPv4,IP Watchlist,
109.219.30.47,IPv4,IP Watchlist,
109.224.54.74,IPv4,IP Watchlist,
109.229.229.227,IPv4,IP Watchlist,
109.69.25.37,IPv4,IP Watchlist,
109.69.31.12,IPv4,IP Watchlist,
109.72.63.94,IPv4,IP Watchlist,
111.68.97.105,IPv4,IP Watchlist,
111.93.182.170,IPv4,IP Watchlist,
116.74.71.205,IPv4,IP Watchlist,
117.103.69.134,IPv4,IP Watchlist,
117.202.50.205,IPv4,IP Watchlist,
117.203.65.126,IPv4,IP Watchlist,
117.203.65.207,IPv4,IP Watchlist,
117.203.66.157,IPv4,IP Watchlist,
117.203.66.92,IPv4,IP Watchlist,
117.203.70.76,IPv4,IP Watchlist,
117.203.71.116,IPv4,IP Watchlist,
117.206.0.34,IPv4,IP Watchlist,
117.206.10.13,IPv4,IP Watchlist,
117.206.10.98,IPv4,IP Watchlist,
117.206.11.1,IPv4,IP Watchlist,
117.206.12.44,IPv4,IP Watchlist,
117.206.13.8,IPv4,IP Watchlist,
117.206.14.139,IPv4,IP Watchlist,
117.206.15.41,IPv4,IP Watchlist,
117.206.2.212,IPv4,IP Watchlist,
117.206.2.246,IPv4,IP Watchlist,
117.206.3.88,IPv4,IP Watchlist,
117.206.4.236,IPv4,IP Watchlist,
117.206.5.1,IPv4,IP Watchlist,
117.206.5.186,IPv4,IP Watchlist,
117.206.5.52,IPv4,IP Watchlist,
117.206.6.101,IPv4,IP Watchlist,
117.206.6.192,IPv4,IP Watchlist,
117.206.7.209,IPv4,IP Watchlist,
117.206.8.137,IPv4,IP Watchlist,
117.206.8.4,IPv4,IP Watchlist,
117.206.9.65,IPv4,IP Watchlist,
117.207.168.68,IPv4,IP Watchlist,
117.207.169.61,IPv4,IP Watchlist,
117.207.171.18,IPv4,IP Watchlist,
117.208.216.182,IPv4,IP Watchlist,
117.208.218.14,IPv4,IP Watchlist,
117.208.218.204,IPv4,IP Watchlist,
117.208.218.231,IPv4,IP Watchlist,
117.208.219.104,IPv4,IP Watchlist,
117.208.219.97,IPv4,IP Watchlist,
117.208.220.26,IPv4,IP Watchlist,
117.208.221.181,IPv4,IP Watchlist,
117.208.222.136,IPv4,IP Watchlist,
117.208.222.247,IPv4,IP Watchlist,
117.208.222.50,IPv4,IP Watchlist,
117.208.223.132,IPv4,IP Watchlist,
117.208.223.28,IPv4,IP Watchlist,
117.213.24.225,IPv4,IP Watchlist,
117.213.24.81,IPv4,IP Watchlist,
117.213.25.162,IPv4,IP Watchlist,
117.213.25.25,IPv4,IP Watchlist,
117.213.28.113,IPv4,IP Watchlist,
117.213.28.118,IPv4,IP Watchlist,
117.213.29.1,IPv4,IP Watchlist,
117.213.31.129,IPv4,IP Watchlist,
117.213.31.42,IPv4,IP Watchlist,
117.216.64.250,IPv4,IP Watchlist,
117.216.66.140,IPv4,IP Watchlist,
117.216.67.123,IPv4,IP Watchlist,
117.216.68.185,IPv4,IP Watchlist,
117.216.68.4,IPv4,IP Watchlist,
117.216.69.42,IPv4,IP Watchlist,
117.216.70.199,IPv4,IP Watchlist,
117.221.224.252,IPv4,IP Watchlist,
117.221.227.106,IPv4,IP Watchlist,
117.221.228.64,IPv4,IP Watchlist,
117.221.229.132,IPv4,IP Watchlist,
117.221.229.161,IPv4,IP Watchlist,
117.221.229.17,IPv4,IP Watchlist,
117.221.231.178,IPv4,IP Watchlist,
117.221.231.8,IPv4,IP Watchlist,
117.223.248.59,IPv4,IP Watchlist,
117.223.249.179,IPv4,IP Watchlist,
117.223.250.100,IPv4,IP Watchlist,
117.223.250.250,IPv4,IP Watchlist,
117.223.251.160,IPv4,IP Watchlist,
117.247.184.184,IPv4,IP Watchlist,
118.47.121.251,IPv4,IP Watchlist,
122.170.15.43,IPv4,IP Watchlist,
125.209.127.198,IPv4,IP Watchlist,
125.209.77.99,IPv4,IP Watchlist,
128.73.185.11,IPv4,IP Watchlist,
128.73.192.126,IPv4,IP Watchlist,
128.73.192.128,IPv4,IP Watchlist,
128.73.192.138,IPv4,IP Watchlist,
128.73.192.150,IPv4,IP Watchlist,
128.73.192.154,IPv4,IP Watchlist,
128.73.192.164,IPv4,IP Watchlist,
128.73.192.175,IPv4,IP Watchlist,
128.73.192.182,IPv4,IP Watchlist,
128.73.192.206,IPv4,IP Watchlist,
128.73.192.242,IPv4,IP Watchlist,
128.73.192.248,IPv4,IP Watchlist,
128.73.192.42,IPv4,IP Watchlist,
128.73.192.50,IPv4,IP Watchlist,
128.73.192.51,IPv4,IP Watchlist,
128.73.192.51,IPv4,IP Watchlist,
128.73.192.63,IPv4,IP Watchlist,
128.73.192.69,IPv4,IP Watchlist,
128.73.192.82,IPv4,IP Watchlist,
128.73.192.90,IPv4,IP Watchlist,
128.73.192.98,IPv4,IP Watchlist,
129.56.2.38,IPv4,IP Watchlist,
134.119.36.135,IPv4,IP Watchlist,
14.140.123.179,IPv4,IP Watchlist,
14.141.27.100,IPv4,IP Watchlist,
14.149.149.211,IPv4,IP Watchlist,
140.164.74.7,IPv4,IP Watchlist,
141.136.200.71,IPv4,IP Watchlist,
141.136.236.113,IPv4,IP Watchlist,
141.136.236.246,IPv4,IP Watchlist,
141.136.236.74,IPv4,IP Watchlist,
141.136.237.133,IPv4,IP Watchlist,
141.136.237.209,IPv4,IP Watchlist,
141.138.49.229,IPv4,IP Watchlist,
141.138.49.55,IPv4,IP Watchlist,
141.138.49.99,IPv4,IP Watchlist,
141.8.142.26,IPv4,IP Watchlist,
145.255.1.215,IPv4,IP Watchlist,
145.255.1.231,IPv4,IP Watchlist,
145.255.1.78,IPv4,IP Watchlist,
145.255.2.227,IPv4,IP Watchlist,
145.255.3.148,IPv4,IP Watchlist,
145.255.3.87,IPv4,IP Watchlist,
147.213.104.51,IPv4,IP Watchlist,
147.69.140.44,IPv4,IP Watchlist,
163.18.54.50,IPv4,IP Watchlist,
178.132.102.4,IPv4,IP Watchlist,
178.132.96.72,IPv4,IP Watchlist,
178.132.97.208,IPv4,IP Watchlist,
178.148.181.201,IPv4,IP Watchlist,
178.162.193.170,IPv4,IP Watchlist,
178.17.201.168,IPv4,IP Watchlist,
182.70.240.197,IPv4,IP Watchlist,
182.71.171.165,IPv4,IP Watchlist,
182.73.187.2,IPv4,IP Watchlist,
182.75.56.118,IPv4,IP Watchlist,
185.19.195.118,IPv4,IP Watchlist,
185.34.83.4,IPv4,IP Watchlist,
185.54.16.92,IPv4,IP Watchlist,
185.59.72.130,IPv4,IP Watchlist,
188.49.86.129,IPv4,IP Watchlist,
188.50.196.49,IPv4,IP Watchlist,
188.50.213.67,IPv4,IP Watchlist,
188.50.242.30,IPv4,IP Watchlist,
188.75.74.203,IPv4,IP Watchlist,
191.252.119.67,IPv4,IP Watchlist,
193.10.226.48,IPv4,IP Watchlist,
193.161.13.129,IPv4,IP Watchlist,
193.161.13.55,IPv4,IP Watchlist,
193.170.235.119,IPv4,IP Watchlist,
193.206.239.215,IPv4,IP Watchlist,
193.248.211.180,IPv4,IP Watchlist,
193.252.169.36,IPv4,IP Watchlist,
194.141.96.10,IPv4,IP Watchlist,
194.141.96.218,IPv4,IP Watchlist,
194.141.96.246,IPv4,IP Watchlist,
194.141.96.42,IPv4,IP Watchlist,
194.141.96.47,IPv4,IP Watchlist,
194.141.96.64,IPv4,IP Watchlist,
194.50.128.119,IPv4,IP Watchlist,
195.16.72.135,IPv4,IP Watchlist,
195.218.139.178,IPv4,IP Watchlist,
195.218.139.178,IPv4,IP Watchlist,
195.218.153.66,IPv4,IP Watchlist,
195.218.6.209,IPv4,IP Watchlist,
195.22.208.110,IPv4,IP Watchlist,
195.39.169.162,IPv4,IP Watchlist,
195.43.11.66,IPv4,IP Watchlist,
195.95.158.155,IPv4,IP Watchlist,
196.202.101.18,IPv4,IP Watchlist,
196.210.18.132,IPv4,IP Watchlist,
196.210.194.98,IPv4,IP Watchlist,
196.210.28.196,IPv4,IP Watchlist,
196.210.40.53,IPv4,IP Watchlist,
196.210.41.91,IPv4,IP Watchlist,
196.210.74.34,IPv4,IP Watchlist,
196.215.36.235,IPv4,IP Watchlist,
196.215.45.75,IPv4,IP Watchlist,
196.219.169.2,IPv4,IP Watchlist,
196.228.75.121,IPv4,IP Watchlist,
197.160.59.36,IPv4,IP Watchlist,
197.163.132.194,IPv4,IP Watchlist,
197.81.195.104,IPv4,IP Watchlist,
2.187.99.180,IPv4,IP Watchlist,
2.50.22.137,IPv4,IP Watchlist,
2.50.22.189,IPv4,IP Watchlist,
2.50.25.205,IPv4,IP Watchlist,
2.50.27.239,IPv4,IP Watchlist,
2.50.40.245,IPv4,IP Watchlist,
2.93.131.116,IPv4,IP Watchlist,
2.93.131.179,IPv4,IP Watchlist,
2.93.238.12,IPv4,IP Watchlist,
2.93.238.146,IPv4,IP Watchlist,
2.93.238.167,IPv4,IP Watchlist,
2.93.238.176,IPv4,IP Watchlist,
2.93.238.183,IPv4,IP Watchlist,
2.93.238.199,IPv4,IP Watchlist,
2.93.238.2,IPv4,IP Watchlist,
2.93.238.20,IPv4,IP Watchlist,
2.93.238.213,IPv4,IP Watchlist,
2.93.238.215,IPv4,IP Watchlist,
2.93.238.222,IPv4,IP Watchlist,
2.93.238.252,IPv4,IP Watchlist,
2.93.238.253,IPv4,IP Watchlist,
2.93.238.26,IPv4,IP Watchlist,
2.93.238.35 ,IPv4,IP Watchlist,
2.93.238.93,IPv4,IP Watchlist,
2.93.248.46,IPv4,IP Watchlist,
2.93.248.5,IPv4,IP Watchlist,
2.93.86.106,IPv4,IP Watchlist,
2.93.86.136,IPv4,IP Watchlist,
2.93.86.150,IPv4,IP Watchlist,
2.93.86.194,IPv4,IP Watchlist,
2.93.86.197,IPv4,IP Watchlist,
2.93.86.224,IPv4,IP Watchlist,
2.93.86.226,IPv4,IP Watchlist,
2.93.86.247,IPv4,IP Watchlist,
2.93.86.247,IPv4,IP Watchlist,
2.93.86.251,IPv4,IP Watchlist,
2.93.86.253,IPv4,IP Watchlist,
2.93.86.36,IPv4,IP Watchlist,
2.93.86.38,IPv4,IP Watchlist,
2.93.86.65,IPv4,IP Watchlist,
2.93.86.89,IPv4,IP Watchlist,
2.94.117.30,IPv4,IP Watchlist,
2.94.117.46,IPv4,IP Watchlist,
2.94.117.47,IPv4,IP Watchlist,
2.94.117.56,IPv4,IP Watchlist,
2.94.209.30,IPv4,IP Watchlist,
2.94.53.139,IPv4,IP Watchlist,
2.94.65.211,IPv4,IP Watchlist,
2.94.65.246,IPv4,IP Watchlist,
2.94.82.42,IPv4,IP Watchlist,
201.56.219.194,IPv4,IP Watchlist,
201.57.146.28,IPv4,IP Watchlist,
202.142.153.237,IPv4,IP Watchlist,
202.142.166.34,IPv4,IP Watchlist,
212.10.6.86,IPv4,IP Watchlist,
212.111.196.9,IPv4,IP Watchlist,
212.126.97.106,IPv4,IP Watchlist,
212.250.163.188,IPv4,IP Watchlist,
212.34.233.6,IPv4,IP Watchlist,
213.131.56.110,IPv4,IP Watchlist,
213.160.235.93,IPv4,IP Watchlist,
213.163.65.158,IPv4,IP Watchlist,
213.186.183.179,IPv4,IP Watchlist,
213.202.81.46,IPv4,IP Watchlist,
213.33.142.90,IPv4,IP Watchlist,
213.42.158.42,IPv4,IP Watchlist,
217.126.253.248,IPv4,IP Watchlist,
217.145.23.121,IPv4,IP Watchlist,
217.165.4.5,IPv4,IP Watchlist,
217.165.9.163,IPv4,IP Watchlist,
217.165.9.209,IPv4,IP Watchlist,
217.197.244.170,IPv4,IP Watchlist,
217.197.245.22,IPv4,IP Watchlist,
217.86.202.86,IPv4,IP Watchlist,
220.151.32.214,IPv4,IP Watchlist,
222.158.217.115,IPv4,IP Watchlist,
223.30.78.100,IPv4,IP Watchlist,
27.125.35.229,IPv4,IP Watchlist,
27.96.110.130,IPv4,IP Watchlist,
31.146.136.6,IPv4,IP Watchlist,
31.168.203.44,IPv4,IP Watchlist,
31.47.47.130,IPv4,IP Watchlist,
31.54.73.156,IPv4,IP Watchlist,
31.54.74.176,IPv4,IP Watchlist,
37.104.24.220,IPv4,IP Watchlist,
37.104.50.144,IPv4,IP Watchlist,
37.104.67.33,IPv4,IP Watchlist,
37.105.234.200,IPv4,IP Watchlist,
37.106.115.3,IPv4,IP Watchlist,
37.143.29.10,IPv4,IP Watchlist,
37.148.209.156,IPv4,IP Watchlist,
37.216.213.70,IPv4,IP Watchlist,
37.34.240.177,IPv4,IP Watchlist,
37.48.106.69,IPv4,IP Watchlist,
37.71.50.2,IPv4,IP Watchlist,
37.75.0.98,IPv4,IP Watchlist,
37.75.10.194,IPv4,IP Watchlist,
37.75.11.162,IPv4,IP Watchlist,
37.75.2.203,IPv4,IP Watchlist,
41.110.179.197,IPv4,IP Watchlist,
41.128.226.60,IPv4,IP Watchlist,
41.131.164.156,IPv4,IP Watchlist,
41.131.49.228,IPv4,IP Watchlist,
41.131.49.228,IPv4,IP Watchlist,
41.134.208.234,IPv4,IP Watchlist,
41.182.252.56,IPv4,IP Watchlist,
41.205.139.34,IPv4,IP Watchlist,
41.208.106.68,IPv4,IP Watchlist,
41.208.106.70,IPv4,IP Watchlist,
41.215.250.40,IPv4,IP Watchlist,
41.223.30.20,IPv4,IP Watchlist,
41.224.254.90,IPv4,IP Watchlist,
41.57.108.68,IPv4,IP Watchlist,
41.67.136.38,IPv4,IP Watchlist,
41.67.136.39,IPv4,IP Watchlist,
41.72.101.138,IPv4,IP Watchlist,
41.72.99.5,IPv4,IP Watchlist,
41.72.99.5,IPv4,IP Watchlist,
41.74.166.253,IPv4,IP Watchlist,
45.120.61.145,IPv4,IP Watchlist,
46.121.242.180,IPv4,IP Watchlist,
46.174.116.221,IPv4,IP Watchlist,
46.174.116.231,IPv4,IP Watchlist,
46.174.116.234,IPv4,IP Watchlist,
46.174.116.60,IPv4,IP Watchlist,
46.174.116.87,IPv4,IP Watchlist,
46.174.116.90,IPv4,IP Watchlist,
46.174.116.99,IPv4,IP Watchlist,
46.174.117.103,IPv4,IP Watchlist,
46.174.117.116,IPv4,IP Watchlist,
46.174.117.121,IPv4,IP Watchlist,
46.174.117.129,IPv4,IP Watchlist,
46.174.117.134,IPv4,IP Watchlist,
46.174.117.15,IPv4,IP Watchlist,
46.174.117.153,IPv4,IP Watchlist,
46.174.117.164,IPv4,IP Watchlist,
46.174.117.32,IPv4,IP Watchlist,
46.174.117.36,IPv4,IP Watchlist,
46.174.117.42,IPv4,IP Watchlist,
46.174.117.44,IPv4,IP Watchlist,
46.174.117.50,IPv4,IP Watchlist,
46.174.117.61,IPv4,IP Watchlist,
46.174.117.77,IPv4,IP Watchlist,
46.174.117.80,IPv4,IP Watchlist,
46.174.117.97,IPv4,IP Watchlist,
46.174.117.98,IPv4,IP Watchlist,
46.19.101.186,IPv4,IP Watchlist,
46.218.127.110,IPv4,IP Watchlist,
46.52.131.102,IPv4,IP Watchlist,
49.206.1.61,IPv4,IP Watchlist,
5.141.87.156,IPv4,IP Watchlist,
5.189.190.67,IPv4,IP Watchlist,
5.200.154.208,IPv4,IP Watchlist,
5.200.177.218,IPv4,IP Watchlist,
5.200.191.104,IPv4,IP Watchlist,
5.200.198.10,IPv4,IP Watchlist,
5.200.202.99,IPv4,IP Watchlist,
5.22.137.178,IPv4,IP Watchlist,
5.22.140.93,IPv4,IP Watchlist,
5.41.190.7,IPv4,IP Watchlist,
5.41.201.151,IPv4,IP Watchlist,
5.41.237.214,IPv4,IP Watchlist,
5.41.88.137,IPv4,IP Watchlist,
5.41.89.32,IPv4,IP Watchlist,
5.41.94.221,IPv4,IP Watchlist,
5.98.91.76,IPv4,IP Watchlist,
51.235.1.216,IPv4,IP Watchlist,
51.235.13.162,IPv4,IP Watchlist,
51.235.17.133,IPv4,IP Watchlist,
51.235.19.202,IPv4,IP Watchlist,
51.235.33.226,IPv4,IP Watchlist,
51.235.49.202,IPv4,IP Watchlist,
59.90.93.248,IPv4,IP Watchlist,
59.90.93.250,IPv4,IP Watchlist,
59.90.93.253,IPv4,IP Watchlist,
59.90.93.254,IPv4,IP Watchlist,
59.92.172.180,IPv4,IP Watchlist,
59.92.173.162,IPv4,IP Watchlist,
59.96.61.252,IPv4,IP Watchlist,
61.199.195.132,IPv4,IP Watchlist,
62.150.93.186,IPv4,IP Watchlist,
62.169.202.4,IPv4,IP Watchlist,
62.212.230.9,IPv4,IP Watchlist,
62.232.122.11,IPv4,IP Watchlist,
62.99.86.67,IPv4,IP Watchlist,
77.146.75.36,IPv4,IP Watchlist,
77.221.42.21,IPv4,IP Watchlist,
77.252.37.85,IPv4,IP Watchlist,
77.30.192.220,IPv4,IP Watchlist,
77.30.30.254,IPv4,IP Watchlist,
77.31.133.176,IPv4,IP Watchlist,
77.31.193.238,IPv4,IP Watchlist,
77.31.197.19,IPv4,IP Watchlist,
77.31.230.175,IPv4,IP Watchlist,
78.158.161.226,IPv4,IP Watchlist,
78.231.30.58,IPv4,IP Watchlist,
78.38.150.25,IPv4,IP Watchlist,
78.38.156.245,IPv4,IP Watchlist,
79.173.253.219,IPv4,IP Watchlist,
80.122.89.226,IPv4,IP Watchlist,
80.179.147.211,IPv4,IP Watchlist,
80.237.92.242,IPv4,IP Watchlist,
80.30.160.241,IPv4,IP Watchlist,
80.93.160.153,IPv4,IP Watchlist,
81.213.141.247,IPv4,IP Watchlist,
81.218.133.105,IPv4,IP Watchlist,
81.30.33.101,IPv4,IP Watchlist,
81.33.4.213,IPv4,IP Watchlist,
82.119.142.62,IPv4,IP Watchlist,
82.192.71.8,IPv4,IP Watchlist,
82.71.14.87,IPv4,IP Watchlist,
82.97.250.107,IPv4,IP Watchlist,
83.110.106.50,IPv4,IP Watchlist,
83.110.146.238,IPv4,IP Watchlist,
83.110.146.87,IPv4,IP Watchlist,
83.110.152.183,IPv4,IP Watchlist,
83.110.154.156,IPv4,IP Watchlist,
83.110.224.10,IPv4,IP Watchlist,
83.110.225.75,IPv4,IP Watchlist,
83.110.225.95,IPv4,IP Watchlist,
83.110.248.219,IPv4,IP Watchlist,
83.111.24.30,IPv4,IP Watchlist,
83.111.31.66,IPv4,IP Watchlist,
83.111.99.206,IPv4,IP Watchlist,
83.196.248.74,IPv4,IP Watchlist,
83.206.242.251,IPv4,IP Watchlist,
83.40.45.144,IPv4,IP Watchlist,
83.40.47.30,IPv4,IP Watchlist,
83.41.45.113,IPv4,IP Watchlist,
84.45.133.120,IPv4,IP Watchlist,
84.58.201.3,IPv4,IP Watchlist,
85.132.27.238,IPv4,IP Watchlist,
85.133.129.190,IPv4,IP Watchlist,
85.133.184.21,IPv4,IP Watchlist,
85.189.146.1,IPv4,IP Watchlist,
85.234.218.210,IPv4,IP Watchlist,
85.29.129.172,IPv4,IP Watchlist,
85.9.72.30,IPv4,IP Watchlist,
86.130.50.6,IPv4,IP Watchlist,
86.144.211.140,IPv4,IP Watchlist,
86.195.164.161,IPv4,IP Watchlist,
86.195.165.111,IPv4,IP Watchlist,
86.195.167.6,IPv4,IP Watchlist,
86.195.168.234,IPv4,IP Watchlist,
86.195.169.206,IPv4,IP Watchlist,
86.195.170.104,IPv4,IP Watchlist,
86.195.170.69,IPv4,IP Watchlist,
86.195.171.142,IPv4,IP Watchlist,
86.195.171.169,IPv4,IP Watchlist,
86.195.171.217,IPv4,IP Watchlist,
86.195.36.194,IPv4,IP Watchlist,
86.195.36.23,IPv4,IP Watchlist,
86.195.37.215,IPv4,IP Watchlist,
86.195.37.34,IPv4,IP Watchlist,
86.195.37.90,IPv4,IP Watchlist,
86.195.38.164,IPv4,IP Watchlist,
86.195.38.214,IPv4,IP Watchlist,
86.195.39.45,IPv4,IP Watchlist,
86.195.39.47,IPv4,IP Watchlist,
86.195.40.131,IPv4,IP Watchlist,
86.195.40.155,IPv4,IP Watchlist,
86.195.41.149,IPv4,IP Watchlist,
86.195.41.154,IPv4,IP Watchlist,
86.204.180.177,IPv4,IP Watchlist,
86.98.24.118,IPv4,IP Watchlist,
86.98.24.150,IPv4,IP Watchlist,
86.98.24.234,IPv4,IP Watchlist,
86.98.24.49,IPv4,IP Watchlist,
86.98.24.64,IPv4,IP Watchlist,
86.98.25.136,IPv4,IP Watchlist,
86.98.25.235,IPv4,IP Watchlist,
86.98.25.244,IPv4,IP Watchlist,
86.98.26.192,IPv4,IP Watchlist,
86.98.26.231,IPv4,IP Watchlist,
86.98.26.242,IPv4,IP Watchlist,
86.98.27.119,IPv4,IP Watchlist,
86.98.27.127,IPv4,IP Watchlist,
86.98.27.174,IPv4,IP Watchlist,
86.98.29.148,IPv4,IP Watchlist,
86.98.29.171,IPv4,IP Watchlist,
86.98.30.70,IPv4,IP Watchlist,
86.98.31.59,IPv4,IP Watchlist,
86.98.31.68,IPv4,IP Watchlist,
86.98.40.27,IPv4,IP Watchlist,
86.98.40.65,IPv4,IP Watchlist,
86.98.41.100,IPv4,IP Watchlist,
86.98.41.107,IPv4,IP Watchlist,
86.98.42.105,IPv4,IP Watchlist,
86.98.42.142,IPv4,IP Watchlist,
86.98.42.152,IPv4,IP Watchlist,
86.98.42.232,IPv4,IP Watchlist,
86.98.43.225,IPv4,IP Watchlist,
86.98.46.54,IPv4,IP Watchlist,
86.98.80.133,IPv4,IP Watchlist,
86.98.80.135,IPv4,IP Watchlist,
86.98.80.222,IPv4,IP Watchlist,
86.98.80.55,IPv4,IP Watchlist,
86.98.80.79,IPv4,IP Watchlist,
86.98.80.8,IPv4,IP Watchlist,
86.98.80.88,IPv4,IP Watchlist,
86.98.80.90,IPv4,IP Watchlist,
86.98.81.192,IPv4,IP Watchlist,
86.98.81.237,IPv4,IP Watchlist,
86.98.81.245,IPv4,IP Watchlist,
86.98.81.36,IPv4,IP Watchlist,
86.98.81.46,IPv4,IP Watchlist,
86.98.82.145,IPv4,IP Watchlist,
86.98.82.190,IPv4,IP Watchlist,
86.98.82.205,IPv4,IP Watchlist,
86.98.82.217,IPv4,IP Watchlist,
86.98.83.13,IPv4,IP Watchlist,
86.98.83.151,IPv4,IP Watchlist,
86.98.83.191,IPv4,IP Watchlist,
86.98.83.245,IPv4,IP Watchlist,
86.98.83.251,IPv4,IP Watchlist,
86.98.83.77,IPv4,IP Watchlist,
86.98.83.84,IPv4,IP Watchlist,
86.98.84.71,IPv4,IP Watchlist,
86.98.84.85,IPv4,IP Watchlist,
86.98.85.165,IPv4,IP Watchlist,
86.98.86.28,IPv4,IP Watchlist,
86.98.86.68,IPv4,IP Watchlist,
88.149.154.81,IPv4,IP Watchlist,
88.210.32.195,IPv4,IP Watchlist,
89.164.120.126,IPv4,IP Watchlist,
89.164.120.163,IPv4,IP Watchlist,
89.164.120.186,IPv4,IP Watchlist,
89.164.130.164,IPv4,IP Watchlist,
89.164.130.34,IPv4,IP Watchlist,
89.164.137.139,IPv4,IP Watchlist,
89.164.137.30,IPv4,IP Watchlist,
89.164.137.98,IPv4,IP Watchlist,
89.164.174.111,IPv4,IP Watchlist,
89.164.174.20,IPv4,IP Watchlist,
89.164.174.236,IPv4,IP Watchlist,
89.164.174.92,IPv4,IP Watchlist,
89.164.177.121,IPv4,IP Watchlist,
89.164.177.177,IPv4,IP Watchlist,
89.164.177.217,IPv4,IP Watchlist,
89.164.185.5,IPv4,IP Watchlist,
89.164.194.128,IPv4,IP Watchlist,
89.164.194.80,IPv4,IP Watchlist,
89.164.194.97,IPv4,IP Watchlist,
89.164.203.200,IPv4,IP Watchlist,
89.164.210.249,IPv4,IP Watchlist,
89.164.210.251,IPv4,IP Watchlist,
89.164.210.45,IPv4,IP Watchlist,
89.164.228.108,IPv4,IP Watchlist,
89.164.242.105,IPv4,IP Watchlist,
89.164.242.122,IPv4,IP Watchlist,
89.164.242.55,IPv4,IP Watchlist,
89.164.242.95,IPv4,IP Watchlist,
89.164.242.97,IPv4,IP Watchlist,
89.164.255.117,IPv4,IP Watchlist,
89.222.155.36,IPv4,IP Watchlist,
89.237.191.146,IPv4,IP Watchlist,
90.1.144.142,IPv4,IP Watchlist,
90.1.150.204,IPv4,IP Watchlist,
90.1.156.56,IPv4,IP Watchlist,
90.1.17.124,IPv4,IP Watchlist,
90.1.20.111,IPv4,IP Watchlist,
90.1.30.182,IPv4,IP Watchlist,
90.1.38.178,IPv4,IP Watchlist,
90.18.142.100,IPv4,IP Watchlist,
90.33.122.246,IPv4,IP Watchlist,
90.56.113.3,IPv4,IP Watchlist,
90.56.185.252,IPv4,IP Watchlist,
90.56.188.98,IPv4,IP Watchlist,
90.56.209.249,IPv4,IP Watchlist,
90.56.232.187,IPv4,IP Watchlist,
90.56.63.82,IPv4,IP Watchlist,
90.56.99.200,IPv4,IP Watchlist,
90.66.106.148,IPv4,IP Watchlist,
91.195.182.235,IPv4,IP Watchlist,
91.211.52.217,IPv4,IP Watchlist,
92.147.128.4,IPv4,IP Watchlist,
92.147.129.224,IPv4,IP Watchlist,
92.147.168.25,IPv4,IP Watchlist,
92.147.7.77,IPv4,IP Watchlist,
92.50.0.132,IPv4,IP Watchlist,
92.50.29.102,IPv4,IP Watchlist,
92.63.217.83,IPv4,IP Watchlist,
93.186.184.145,IPv4,IP Watchlist,
93.186.61.200,IPv4,IP Watchlist,
93.63.134.102,IPv4,IP Watchlist,
94.18.219.36,IPv4,IP Watchlist,
94.41.119.170,IPv4,IP Watchlist,
94.41.16.220,IPv4,IP Watchlist,
94.41.29.226,IPv4,IP Watchlist,
94.41.40.223,IPv4,IP Watchlist,
94.41.46.142,IPv4,IP Watchlist,
94.41.64.17,IPv4,IP Watchlist,
94.41.77.198,IPv4,IP Watchlist,
94.41.77.253,IPv4,IP Watchlist,
94.41.80.159,IPv4,IP Watchlist,
94.41.89.159,IPv4,IP Watchlist,
94.43.142.226,IPv4,IP Watchlist,
94.56.143.171,IPv4,IP Watchlist,
94.56.95.66,IPv4,IP Watchlist,
94.70.161.135,IPv4,IP Watchlist,
94.70.251.20,IPv4,IP Watchlist,
94.97.119.186,IPv4,IP Watchlist,
94.98.188.224,IPv4,IP Watchlist,
94.98.232.50,IPv4,IP Watchlist,
94.99.109.127,IPv4,IP Watchlist,
94.99.115.115,IPv4,IP Watchlist,
94.99.116.91,IPv4,IP Watchlist,
94.99.121.138,IPv4,IP Watchlist,
94.99.31.13,IPv4,IP Watchlist,
94.99.42.181,IPv4,IP Watchlist,
95.130.171.245,IPv4,IP Watchlist,
95.181.58.94,IPv4,IP Watchlist,
95.185.117.230,IPv4,IP Watchlist,
95.185.151.187,IPv4,IP Watchlist,
95.185.184.238,IPv4,IP Watchlist,
95.185.194.222,IPv4,IP Watchlist,
95.185.250.166,IPv4,IP Watchlist,
95.185.39.49,IPv4,IP Watchlist,
95.185.64.247,IPv4,IP Watchlist,
95.185.67.1,IPv4,IP Watchlist,
95.186.126.248,IPv4,IP Watchlist,
95.186.89.72,IPv4,IP Watchlist,
95.187.101.119,IPv4,IP Watchlist,
95.187.37.251,IPv4,IP Watchlist,
95.187.42.184,IPv4,IP Watchlist,
95.187.43.226,IPv4,IP Watchlist,
95.187.5.53,IPv4,IP Watchlist,
95.187.70.15,IPv4,IP Watchlist,
95.187.99.232,IPv4,IP Watchlist,
95.87.25.221,IPv4,IP Watchlist,
AB4ABEE83FFD526F1975EB48DBDBC812,md5,File Hash Watchlist,
E95C318D1B1906D57471BB524FFF128356C160132D4230DB04AB5898EC0EB145,SHA256,File Hash Watchlist,
3FDF856B6FBCB23E7C3372A3F53CE26C0FE6DE77,SHA1,File Hash Watchlist,
5D29DFE2EA9CA8DA3FF7A14FB20C5E86,md5,File Hash Watchlist,
8F4FC2E10B6EC15A01E0AF24529040DD ,md5,File Hash Watchlist,
B48DC6ABCD3AEFF8618350CCBDC6B09A,md5,File Hash Watchlist,
3CEEE0BE85D24D911B9C02714817774C,md5,File Hash Watchlist,
C:\WINDOWS\SYSTEM32\NPF.SYS,filepath,File Hash Watchlist,
C:\WINDOWS\SYSTEM32\NETPLG.LOG,filepath,File Hash Watchlist,
C:\WINDOWS\SYSTEM32\CATROOT2\EDBCHK.LOG,filepath,File Hash Watchlist,
C:\WINDOWS\SYSTEM32\MIMEFILTER.XML,filepath,File Hash Watchlist,
C:\AWORK\CATROOT2,filepath,File Hash Watchlist,
C:\WINDOWS\SYSTEM32\CATROOT2\{12CD0A1D-4EA2-11D1-8608-00C04F-C295EF} ,filepath,File Hash Watchlist,
C:\WINDOWS\SYSTEM32\CATROOT2\{A750E6C3-38EE-17D5-85E5-10D03D-A378DE},filepath,File Hash Watchlist,
